NOReflux NOQC,NOReflux QC,Reflux NOQC,Reflux QC
1.39814,1.59848,1.8791,1.99049
1.39799,1.59418,1.878,1.98978
1.39771,1.59033,1.877,1.98853
1.39771,1.58633,1.87379,1.98711
1.39771,1.58209,1.86249,1.98544
1.39771,1.57827,1.85276,1.98167
1.39784,1.55734,1.8372,1.96418
1.39716,1.53831,1.82213,1.94858
1.39584,1.52028,1.80839,1.93387
1.39458,1.5019,1.79569,1.91959
1.39288,1.47686,1.77927,1.90401
1.38527,1.45784,1.76619,1.88756
1.36784,1.43839,1.75323,1.87182
1.35242,1.41833,1.74062,1.85557
1.33741,1.39697,1.72827,1.83993
1.32301,1.37644,1.71602,1.8251
1.30712,1.35519,1.70388,1.81073
1.29142,1.33469,1.69175,1.79662
1.27559,1.31496,1.67955,1.78266
1.25973,1.29506,1.66734,1.76878
1.24192,1.27387,1.65515,1.75506
1.22648,1.25473,1.64299,1.74123
1.21117,1.23565,1.63071,1.72313
1.19581,1.21717,1.61832,1.70909
1.18062,1.19876,1.60583,1.69477
1.16502,1.17999,1.59335,1.68035
1.14933,1.1617,1.58091,1.66583
1.13395,1.14371,1.5684,1.65123
1.11819,1.12525,1.55587,1.63665
1.10238,1.10735,1.54073,1.622
1.0868,1.08947,1.52739,1.60719
1.07078,1.07138,1.51427,1.59238
1.05482,1.05366,1.50147,1.57743
1.03904,1.03624,1.48889,1.56248
1.02296,1.01785,1.47645,1.5584
1.00627,1.00044,1.46428,1.54311
1.00335,0.995577,1.45231,1.52766
0.986112,0.977241,1.44053,1.51177
0.984232,0.958789,1.42905,1.49567
0.965904,0.956833,1.41776,1.48054
0.946034,0.938413,1.40668,1.46444
0.92918,0.918734,1.39587,1.46057
0.91416,0.901484,1.38528,1.44367
0.900222,0.886087,1.3749,1.42661
0.886945,0.872126,1.36478,1.41029
0.873779,0.858537,1.35491,1.39478
0.860603,0.845272,1.34527,1.38004
0.84755,0.831977,1.33589,1.36616
0.834532,0.81896,1.32674,1.35349
0.821788,0.806046,1.31783,1.34105
0.809134,0.793471,1.30916,1.32928
0.795971,0.781105,1.30074,1.31831
0.783952,0.768273,1.29204,1.30806
0.772103,0.75665,1.2827,1.29827
0.760583,0.745076,1.2735,1.28878
0.749232,0.735512,1.2648,1.27945
0.738332,0.724062,1.25678,1.27024
0.730167,0.712512,1.24934,1.26114
0.719198,0.701484,1.2424,1.25219
0.707856,0.690687,1.23586,1.24338
0.696951,0.680527,1.22963,1.23472
0.686129,0.670646,1.22364,1.22623
0.675696,0.661314,1.21784,1.21791
0.665704,0.652192,1.2122,1.20975
0.655942,0.641361,1.20671,1.20758
0.646008,0.632232,1.20135,1.19939
0.635889,0.622916,1.19611,1.20043
0.624148,0.613619,1.19096,1.1876
0.614066,0.604491,1.1859,1.17681
0.604058,0.595635,1.1809,1.16714
0.594307,0.587113,1.17595,1.15873
0.584846,0.578965,1.17063,1.15093
0.575692,0.571225,1.16515,1.14353
0.566834,0.56391,1.15976,1.13652
0.558389,0.557022,1.15485,1.12992
0.550966,0.550693,1.15033,1.1237
0.54423,0.544985,1.14608,1.1178
0.537906,0.53986,1.14199,1.11438
0.531739,0.535154,1.13796,1.10877
0.525484,0.532277,1.13396,1.10302
0.522547,0.530644,1.12995,1.0972
0.517014,0.525279,1.12379,1.09126
0.508868,0.519797,1.11968,1.08527
0.500618,0.514862,1.11149,1.07923
0.492767,0.510193,1.10712,1.07318
0.48538,0.505514,1.10279,1.06708
0.478296,0.500752,1.09841,1.06093
0.471403,0.49589,1.09257,1.05325
0.464685,0.490934,1.08808,1.04662
0.458165,0.485924,1.0835,1.04002
0.451894,0.480932,1.07912,1.03355
0.44592,0.476029,1.07495,1.02716
0.440222,0.471275,1.07091,1.02083
0.434786,0.466701,1.06694,1.01456
0.429634,0.462316,1.06302,1.0077
0.424717,0.458115,1.05912,1.00147
0.419977,0.454089,1.05526,0.995118
0.415384,0.450246,1.05144,0.98897
0.410876,0.44662,1.04767,0.981167
0.406412,0.445187,1.04395,0.975213
0.401945,0.442606,1.04028,0.969188
0.399159,0.440082,1.03666,0.96323
0.394582,0.437628,1.03308,0.95733
0.390664,0.435431,1.02954,0.951446
0.385756,0.433004,1.02603,0.945539
0.380698,0.430695,1.02252,0.939622
0.375762,0.428567,1.01902,0.933708
0.370951,0.426593,1.01552,0.927802
0.366245,0.42478,1.01203,0.921915
0.361835,0.423075,1.00855,0.916057
0.358037,0.421463,1.00508,0.910234
0.354537,0.419928,1.00162,0.904449
0.351107,0.418457,0.998186,0.898703
0.347702,0.417031,0.994766,0.892994
0.344321,0.415638,0.991371,0.887319
0.340991,0.414265,0.988005,0.881673
0.337707,0.412905,0.984651,0.876057
0.334488,0.411552,0.981299,0.870475
0.331358,0.410204,0.97794,0.864929
0.328312,0.407686,0.974571,0.867594
0.325334,0.40627,0.971188,0.859612
0.32241,0.404826,0.966671,0.855383
0.319547,0.403397,0.963029,0.849521
0.316721,0.401972,0.959249,0.843428
0.312849,0.399227,0.955541,0.837535
0.310063,0.396369,0.951867,0.8319
0.306654,0.393546,0.948309,0.826476
0.303873,0.392076,0.94484,0.821269
0.301094,0.390725,0.941428,0.816232
0.298373,0.389639,0.938076,0.811644
0.295688,0.388715,0.934719,0.80698
0.292124,0.387906,0.931375,0.802419
0.289435,0.387147,0.928018,0.798081
0.286561,0.386381,0.924652,0.793945
0.283769,0.385568,0.921277,0.788309
0.280887,0.384681,0.91789,0.782715
0.278023,0.383701,0.914492,0.778419
0.275212,0.382626,0.911082,0.776071
0.272439,0.381461,0.907657,0.771573
0.269879,0.38021,0.904217,0.766966
0.267516,0.378881,0.901492,0.762388
0.265296,0.377477,0.898127,0.75779
0.263175,0.375998,0.894578,0.753127
0.261114,0.374451,0.890998,0.748458
0.259089,0.372856,0.887672,0.743809
0.257077,0.371227,0.886787,0.739062
0.254517,0.369575,0.884175,0.734248
0.252405,0.367906,0.881608,0.729407
0.250205,0.366223,0.878991,0.724564
0.247957,0.364529,0.875576,0.719732
0.245678,0.362833,0.872856,0.714923
0.243362,0.361141,0.869838,0.710148
0.240994,0.359463,0.866827,0.705414
0.238534,0.357812,0.8639,0.700729
0.235962,0.356195,0.860947,0.696105
0.233287,0.354615,0.857989,0.691552
0.230533,0.353071,0.85501,0.688467
0.227733,0.351557,0.851981,0.684041
0.224918,0.350059,0.848877,0.67949
0.222098,0.348563,0.845679,0.675024
0.219285,0.347051,0.842806,0.670593
0.216817,0.345483,0.838983,0.666225
0.214075,0.343917,0.835134,0.661976
0.211272,0.342443,0.831415,0.657882
0.208517,0.341011,0.827727,0.653942
0.20586,0.339612,0.824039,0.650148
0.203299,0.338247,0.820392,0.646484
0.20083,0.336909,0.816762,0.642937
0.198431,0.335594,0.813128,0.642246
0.196079,0.334303,0.809478,0.641568
0.193146,0.333032,0.807541,0.640897
0.190834,0.331772,0.803302,0.640234
0.188533,0.330515,0.798731,0.636891
0.186231,0.329256,0.79417,0.636232
0.183924,0.327991,0.789747,0.634051
0.18161,0.32672,0.785417,0.630837
0.179294,0.326396,0.781193,0.627959
0.176981,0.32614,0.777072,0.627318
0.174679,0.325884,0.773049,0.626682
0.172399,0.32563,0.769113,0.62416
0.170148,0.325376,0.76525,0.622399
0.167422,0.325123,0.761455,0.620939
0.165251,0.324872,0.756937,0.618111
0.163099,0.324622,0.753241,0.615251
0.160987,0.324376,0.74954,0.612432
0.158972,0.324131,0.752732,0.609651
0.157354,0.323888,0.748646,0.606972
0.155989,0.323648,0.744297,0.604396
0.154667,0.32341,0.739217,0.601915
0.153343,0.323175,0.734578,0.599518
0.152006,0.322942,0.730317,0.597209
0.150652,0.322712,0.72638,0.594982
0.149285,0.322485,0.722655,0.59279
0.147914,0.322261,0.719105,0.590597
0.146553,0.322039,0.715695,0.58842
0.145222,0.32182,0.71237,0.586251
0.143938,0.320814,0.70909,0.584075
0.142723,0.320601,0.705825,0.582183
0.141584,0.319334,0.702562,0.580234
0.140518,0.318041,0.699311,0.577871
0.139514,0.317757,0.696081,0.575531
0.138674,0.317545,0.692882,0.573282
0.137546,0.317333,0.689725,0.570498
0.136419,0.317123,0.686614,0.56837
0.13535,0.316917,0.683536,0.565222
0.134342,0.316714,0.680119,0.56296
0.13338,0.315406,0.67544,0.558998
0.132454,0.315261,0.67242,0.556766
0.131544,0.31507,0.669414,0.554546
0.130578,0.314873,0.666529,0.557666
0.129675,0.314663,0.663681,0.555054
0.128849,0.314452,0.66083,0.551957
0.128106,0.313283,0.657978,0.548772
0.127425,0.313086,0.655143,0.545221
0.126763,0.31289,0.652349,0.542043
0.126066,0.312694,0.649612,0.538857
0.125276,0.312502,0.646943,0.535821
0.124359,0.312313,0.644335,0.533326
0.123334,0.312126,0.641784,0.530992
0.122226,0.310869,0.639277,0.528846
0.121054,0.310688,0.636804,0.526878
0.119841,0.310509,0.634357,0.525066
0.118611,0.310325,0.631929,0.523317
0.117385,0.310141,0.635397,0.521578
0.116187,0.309956,0.631345,0.519823
0.115015,0.309772,0.627715,0.518051
0.113877,0.309587,0.624453,0.51628
0.112801,0.309403,0.621459,0.514521
0.11177,0.30922,0.618549,0.51278
0.110776,0.309037,0.61574,0.510718
0.109817,0.308855,0.613022,0.509041
0.108893,0.308673,0.610401,0.507362
0.108008,0.308491,0.611232,0.50576
0.107163,0.308309,0.608271,0.50421
0.106356,0.308127,0.604873,0.502707
0.105586,0.307945,0.6016,0.501216
0.104851,0.307763,0.598482,0.49973
0.104151,0.30758,0.595505,0.498246
0.103481,0.307398,0.592083,0.496772
0.102844,0.307217,0.588899,0.495312
0.102219,0.307036,0.585806,0.493861
0.101634,0.306856,0.582872,0.492416
0.101084,0.306676,0.579484,0.490974
0.10058,0.306497,0.577667,0.489523
0.100113,0.30632,0.573981,0.488058
0.0996823,0.306141,0.570669,0.486576
0.0992752,0.305964,0.567319,0.485077
0.0988821,0.305789,0.564406,0.483562
0.0984884,0.305615,0.561889,0.482028
0.0980742,0.305442,0.559617,0.480486
0.0976282,0.305271,0.557556,0.478934
0.0971491,0.305101,0.555607,0.477375
0.0966373,0.304932,0.561751,0.47654
0.0960979,0.304764,0.558425,0.476145
0.0955446,0.304596,0.555129,0.475753
0.0949856,0.304428,0.552062,0.475365
0.0944253,0.304261,0.549334,0.474978
0.0938653,0.304095,0.546815,0.474594
0.0933059,0.304626,0.544459,0.474212
0.0927484,0.303536,0.542228,0.473831
0.0921987,0.302389,0.540083,0.473451
0.0916622,0.301242,0.537991,0.473074
0.0911453,0.3001,0.535931,0.472696
0.0904244,0.298985,0.533874,0.47232
0.0899865,0.297894,0.531783,0.471945
0.0895565,0.296864,0.529682,0.47157
0.0891629,0.295884,0.527561,0.471196
0.0888032,0.293938,0.525414,0.470822
0.0884769,0.293855,0.523279,0.470347
0.0881818,0.293728,0.520834,0.468876
0.0879168,0.293597,0.518374,0.467343
0.0876581,0.293457,0.515892,0.465817
0.0874238,0.293318,0.513377,0.464309
0.0873008,0.293179,0.510855,0.462817
0.087278,0.293043,0.508342,0.461607
0.0873018,0.292909,0.505822,0.461205
0.087349,0.292778,0.503286,0.460812
0.0874051,0.292649,0.500716,0.46043
0.0874683,0.292521,0.498117,0.460059
0.0875363,0.292396,0.495494,0.459699
0.0876085,0.292272,0.492841,0.45935
0.087674,0.292148,0.49016,0.459009
0.0877206,0.292026,0.487454,0.460029
0.0877425,0.291904,0.484724,0.458487
0.0877392,0.291783,0.481976,0.456775
0.0877104,0.291662,0.479086,0.458936
0.087656,0.29154,0.476081,0.457178
0.087577,0.291419,0.473069,0.455118
0.0874745,0.291296,0.470118,0.453228
0.0873495,0.291173,0.467235,0.451218
0.0872048,0.291049,0.464401,0.464664
0.0871471,0.290925,0.461629,0.459364
0.086968,0.2908,0.458917,0.454931
0.086768,0.290674,0.456247,0.451408
0.0865578,0.289622,0.453673,0.448313
0.086348,0.289587,0.451263,0.4452
0.0861354,0.289463,0.44896,0.458516
0.0859193,0.28934,0.446718,0.453928
0.0857022,0.289208,0.444518,0.449723
0.085478,0.289073,0.442357,0.445902
0.0852384,0.288931,0.440234,0.442366
0.0849806,0.288785,0.437943,0.437848
0.0846939,0.288637,0.435935,0.434983
0.0843746,0.28849,0.433047,0.43239
0.0840223,0.288342,0.430672,0.430052
0.0836365,0.288197,0.428322,0.427935
0.0832196,0.288054,0.426368,0.42601
0.0827764,0.287912,0.424711,0.424243
0.0823123,0.287772,0.423343,0.422605
0.0818311,0.287635,0.42218,0.421092
0.0813355,0.287499,0.421126,0.41969
0.080828,0.287364,0.420093,0.418382
0.0803102,0.287228,0.419987,0.417244
0.0797848,0.287093,0.418836,0.416308
0.0797594,0.286957,0.417725,0.415507
0.0791675,0.28682,0.417278,0.414657
0.0785223,0.286681,0.415823,0.413857
0.0778752,0.286542,0.414279,0.413001
0.0772471,0.286402,0.41273,0.412241
0.0766397,0.286261,0.411185,0.41152
0.0760506,0.286118,0.409644,0.410852
0.0753701,0.285976,0.408138,0.410592
0.0748266,0.285832,0.406658,0.409851
0.0742829,0.285688,0.405203,0.407858
0.0737449,0.285543,0.40378,0.407006
0.0732113,0.285399,0.402382,0.406178
0.0738608,0.285255,0.401008,0.405384
0.073803,0.285112,0.399649,0.404621
0.0731997,0.28497,0.398301,0.403909
0.0725717,0.284829,0.396963,0.403232
0.0719827,0.284689,0.395636,0.402573
0.0717785,0.28455,0.39432,0.401908
0.0717313,0.284412,0.393017,0.401234
0.0716849,0.284275,0.391726,0.400553
0.0716387,0.284139,0.389643,0.399859
0.0715927,0.284004,0.388271,0.408176
0.0715467,0.28387,0.386958,0.407294
0.0715008,0.283736,0.385404,0.406181
0.0714551,0.283603,0.383889,0.405047
0.0714095,0.283472,0.382377,0.403953
0.0713641,0.287406,0.380949,0.402887
0.0713187,0.286166,0.379615,0.401947
0.0712737,0.28459,0.378362,0.401163
0.0712289,0.283235,0.37718,0.400495
0.0711845,0.282142,0.376267,0.399918
0.0711402,0.281189,0.375963,0.39931
0.0710964,0.279923,0.374883,0.398788
0.071053,0.279114,0.37381,0.398247
0.0710101,0.278326,0.372779,0.397729
0.0709677,0.277606,0.371783,0.399263
0.0709256,0.282298,0.370807,0.398839
0.0708839,0.28119,0.370385,0.399369
0.0708425,0.279972,0.370104,0.398818
0.0708014,0.279012,0.369166,0.398273
0.0707607,0.278223,0.368246,0.397808
0.0707201,0.277545,0.367261,0.397425
0.0706798,0.277006,0.366739,0.397149
0.0706397,0.276595,0.366453,0.396999
0.0705998,0.276281,0.366155,0.396953
0.0705601,0.276031,0.365853,0.396971
0.0705205,0.27582,0.365553,0.397015
0.0704811,0.275629,0.365259,0.397062
0.0704418,0.275458,0.364973,0.3971
0.0704027,0.275424,0.364156,0.39712
0.0703636,0.275462,0.363885,0.397113
0.0703247,0.275497,0.363615,0.39709
0.0702859,0.275496,0.36253,0.397054
0.0702472,0.275442,0.362247,0.397014
0.0702083,0.275325,0.361964,0.396978
0.0701696,0.275138,0.361678,0.396946
0.0701311,0.275593,0.361388,0.396927
0.0700928,0.275155,0.361095,0.396953
0.0700546,0.27464,0.3608,0.39702
0.0700165,0.274067,0.360506,0.397107
0.0699784,0.273541,0.360211,0.397201
0.0699404,0.273038,0.359918,0.3973
0.0699025,0.272563,0.359627,0.397395
0.0698647,0.272126,0.359338,0.397478
0.069827,0.271726,0.359051,0.397544
0.0697894,0.27136,0.358766,0.397002
0.069752,0.271024,0.358483,0.397022
0.0697146,0.270713,0.358202,0.396917
0.0696773,0.270424,0.357922,0.396786
0.0696402,0.270152,0.357644,0.396611
0.0696032,0.270004,0.357367,0.396402
0.0695664,0.269858,0.3564,0.396869
0.0695296,0.269715,0.35613,0.396358
0.0694928,0.269572,0.354917,0.395511
0.0694561,0.269431,0.353693,0.394642
0.0694195,0.269291,0.352482,0.393886
0.0693831,0.269151,0.351276,0.393219
0.0693468,0.269013,0.350051,0.392568
0.0693107,0.268875,0.348808,0.391908
0.0692748,0.268738,0.347602,0.391229
0.069239,0.273829,0.34722,0.390541
0.0692034,0.275013,0.346789,0.38984
0.0691679,0.274786,0.346546,0.389128
0.0691327,0.274448,0.345467,0.388414
0.0690977,0.274162,0.34427,0.387693
0.0690628,0.273897,0.343078,0.386965
0.069028,0.273701,0.341918,0.386225
0.0689934,0.273636,0.341378,0.385472
0.0689589,0.273687,0.341044,0.384701
0.0689245,0.273822,0.340409,0.382916
0.0688904,0.274001,0.340125,0.382095
0.0688564,0.27421,0.338276,0.381289
0.0688226,0.274459,0.336995,0.380467
0.068789,0.274775,0.335773,0.379638
0.0690747,0.275105,0.334616,0.378808
0.069046,0.275424,0.333072,0.377989
0.0690128,0.275713,0.33282,0.377234
0.068981,0.275963,0.332802,0.376621
0.0689504,0.276169,0.331898,0.376218
0.06892,0.276333,0.33099,0.375931
0.0688897,0.276455,0.328919,0.375693
0.0691656,0.276538,0.327063,0.375453
0.0687967,0.276587,0.325312,0.375192
0.0684339,0.276613,0.323607,0.374907
0.0681245,0.276622,0.321997,0.374595
0.0680927,0.276621,0.320548,0.374256
0.0680604,0.276613,0.319225,0.37389
0.0680289,0.2766,0.31833,0.373496
0.0679976,0.276584,0.318084,0.373076
0.0679668,0.276567,0.317558,0.372635
0.0679362,0.276547,0.316243,0.372551
0.067906,0.276523,0.314974,0.371927
0.067876,0.276495,0.313819,0.371202
0.0678462,0.276464,0.31278,0.370474
0.0678165,0.276431,0.311522,0.369749
0.0677869,0.276391,0.310373,0.369002
0.0677574,0.276346,0.309342,0.368211
0.0677279,0.276293,0.308359,0.367367
0.0676984,0.27623,0.306772,0.366466
0.067669,0.276154,0.305246,0.365548
0.0676395,0.276064,0.304275,0.364641
0.06761,0.275961,0.303297,0.363751
0.0675805,0.275845,0.302315,0.362877
0.0675511,0.275719,0.301323,0.362011
0.0675217,0.275621,0.300386,0.361153
0.0674923,0.27554,0.299299,0.360365
0.0674629,0.275462,0.298167,0.359569
0.0674336,0.275387,0.297072,0.358753
0.0674044,0.275314,0.296156,0.357887
0.0673752,0.275243,0.294466,0.357017
0.0673461,0.275171,0.293128,0.35614
0.067317,0.275099,0.292106,0.355306
0.0672879,0.275027,0.290748,0.354517
0.0672589,0.274953,0.289632,0.353768
0.06723,0.274878,0.288561,0.353053
0.0672011,0.274803,0.287499,0.352375
0.0671723,0.274727,0.28643,0.351724
0.0671435,0.274651,0.285349,0.351096
0.0671149,0.274575,0.284777,0.350482
0.0670862,0.274498,0.284517,0.350061
0.0670577,0.274422,0.284264,0.349783
0.0670292,0.274346,0.284017,0.349505
0.0670008,0.27427,0.283773,0.34924
0.0669724,0.274194,0.283084,0.348989
0.0669441,0.273373,0.282853,0.348737
0.0669158,0.27329,0.282617,0.348487
0.0668876,0.273216,0.282374,0.34825
0.0668593,0.273135,0.28213,0.348
0.0668312,0.273056,0.282381,0.34776
0.0664747,0.272979,0.280863,0.346952
0.0661191,0.272904,0.279347,0.346156
0.0657632,0.272768,0.277905,0.345408
0.0654052,0.272611,0.276587,0.34409
0.0653307,0.272534,0.275348,0.343393
0.0653017,0.272459,0.274169,0.3421
0.065273,0.272383,0.273029,0.341379
0.0652446,0.272309,0.272751,0.340617
0.0652166,0.272237,0.272505,0.33988
0.0651888,0.272166,0.272263,0.339172
0.0651613,0.272097,0.272023,0.338492
0.065134,0.272029,0.271784,0.337575
0.0651068,0.271961,0.271548,0.336914
0.065113,0.271895,0.271312,0.336235
0.0650877,0.271829,0.271078,0.335585
0.0650614,0.271763,0.270845,0.334981
0.0650326,0.271699,0.270613,0.334398
0.065004,0.271636,0.269547,0.333833
0.0649753,0.271573,0.268501,0.333288
0.064947,0.27151,0.267482,0.33311
0.0649187,0.271448,0.266493,0.332934
0.0648907,0.271385,0.265527,0.33276
0.0648627,0.271322,0.265178,0.332587
0.0648351,0.271259,0.264955,0.332414
0.0648078,0.271197,0.264733,0.331541
0.0647808,0.271134,0.264062,0.33137
0.0647543,0.271072,0.263836,0.331201
0.0647281,0.27101,0.263405,0.331026
0.0647022,0.270949,0.263178,0.330851
0.0646767,0.270888,0.262956,0.330674
0.0646513,0.270828,0.26273,0.330496
0.0646261,0.270764,0.261694,0.330317
0.0646009,0.270698,0.260663,0.330138
0.0645758,0.270639,0.259973,0.32996
0.0645507,0.270583,0.259749,0.329782
0.0645258,0.270524,0.259527,0.329606
0.0645006,0.270465,0.259308,0.329431
0.0644753,0.270406,0.259089,0.329258
0.0644498,0.270348,0.258497,0.329087
0.0644243,0.270291,0.257397,0.328918
0.0643986,0.270234,0.256273,0.32875
0.0643728,0.270179,0.255161,0.328584
0.0643469,0.270124,0.254058,0.328419
0.0643208,0.27007,0.253537,0.328255
0.0642947,0.270016,0.253286,0.328091
0.0642685,0.269888,0.252607,0.327928
0.0642421,0.269738,0.252259,0.327757
0.0642158,0.269569,0.252035,0.327594
0.0641895,0.269451,0.251814,0.327432
0.0641632,0.269405,0.251668,0.32727
0.0641368,0.26936,0.25145,0.327108
0.0641103,0.269313,0.251108,0.326945
0.0640839,0.269265,0.250884,0.326783
0.0640576,0.269215,0.249633,0.326613
0.0640312,0.269164,0.248413,0.326449
0.0640049,0.269111,0.247284,0.326286
0.0639786,0.269058,0.246577,0.326193
0.0639524,0.269004,0.247068,0.325796
0.0639262,0.26895,0.245782,0.325376
0.0638999,0.268897,0.244424,0.325631
0.0638738,0.268844,0.243145,0.325875
0.0638479,0.268791,0.24195,0.325079
0.0638217,0.268739,0.240838,0.324269
0.0637951,0.268687,0.2398,0.323642
0.063769,0.268635,0.238824,0.322744
0.0637429,0.268583,0.237902,0.32239
0.0637166,0.268532,0.237027,0.322162
0.0636903,0.26848,0.236187,0.322028
0.063664,0.268429,0.235368,0.321957
0.0636378,0.268378,0.234565,0.321917
0.0636116,0.268327,0.233763,0.321886
0.0635854,0.268276,0.232958,0.321857
0.0635593,0.268225,0.232144,0.32183
0.0635332,0.268174,0.231319,0.321786
0.0635071,0.267987,0.230481,0.32173
0.063481,0.267792,0.229626,0.32167
0.0634549,0.267596,0.228753,0.321583
0.0634289,0.267402,0.227862,0.32146
0.0634028,0.267211,0.226951,0.321321
0.0633769,0.267175,0.226025,0.321159
0.0633509,0.267134,0.225086,0.321095
0.063325,0.267089,0.224138,0.320963
0.0632991,0.267039,0.223184,0.320836
0.0632733,0.266986,0.22223,0.320722
0.0632475,0.266931,0.221281,0.320635
0.0632218,0.266875,0.22034,0.320579
0.0631961,0.266818,0.219408,0.320533
0.0631704,0.266761,0.218486,0.320499
0.0631448,0.266703,0.217573,0.320624
0.0631192,0.266647,0.216668,0.311005
0.0630936,0.26659,0.215768,0.309642
0.0630681,0.266535,0.214869,0.30833
0.0630426,0.266479,0.213967,0.30704
0.0630172,0.266424,0.21354,0.305789
0.0629918,0.26637,0.213402,0.304592
0.0629664,0.266316,0.213266,0.303457
0.062941,0.266262,0.21313,0.302368
0.0629157,0.266209,0.212838,0.301739
0.0628904,0.266156,0.212691,0.300747
0.0628651,0.266103,0.21341,0.2996
0.0628399,0.266051,0.212154,0.298413
0.0628147,0.265999,0.210889,0.296912
0.0627896,0.265947,0.209716,0.295615
0.0627645,0.265896,0.208578,0.294217
0.0627394,0.265845,0.207491,0.292771
0.0627145,0.265794,0.206437,0.291271
0.0626895,0.265744,0.20543,0.289714
0.0626645,0.265694,0.205198,0.288095
0.0626395,0.265645,0.205059,0.286413
0.0626147,0.265596,0.204923,0.284665
0.0625898,0.265546,0.204789,0.282855
0.062565,0.265496,0.204654,0.280992
0.0625402,0.265447,0.204519,0.278938
0.0625155,0.265398,0.204382,0.276945
0.0624907,0.26535,0.204243,0.27486
0.062466,0.265303,0.204102,0.27282
0.0624414,0.265255,0.203959,0.270847
0.0624168,0.265208,0.203815,0.268926
0.0623922,0.265161,0.203669,0.266632
0.0623676,0.265113,0.203522,0.264809
0.0623431,0.265066,0.203374,0.262981
0.0623186,0.265019,0.203227,0.261205
0.0622942,0.264972,0.20308,0.259491
0.0622698,0.264925,0.202933,0.257829
0.0622455,0.264879,0.202787,0.254907
0.0622212,0.264832,0.202641,0.254542
0.0621969,0.264786,0.202497,0.254203
0.0621726,0.26474,0.202354,0.253891
0.0621484,0.264694,0.201951,0.2536
0.0621242,0.264648,0.20181,0.25333
0.0621001,0.264603,0.201671,0.253075
0.062076,0.264558,0.201537,0.252829
0.0620519,0.264513,0.201396,0.25259
0.062028,0.264468,0.201258,0.252356
0.0620039,0.264424,0.201117,0.252125
0.0619798,0.264379,0.200978,0.2519
0.0619558,0.264335,0.200522,0.25168
0.0619319,0.26429,0.199504,0.251479
0.0619079,0.264245,0.198858,0.253191
0.0618841,0.264201,0.198716,0.253396
0.0618603,0.264157,0.198574,0.253623
0.0618365,0.264114,0.19812,0.254176
0.0618128,0.264071,0.197991,0.25499
0.0617891,0.264028,0.197825,0.255897
0.0617654,0.263985,0.197658,0.256875
0.0617418,0.263943,0.197485,0.257916
0.0617181,0.2639,0.197316,0.258994
0.0616946,0.263858,0.197144,0.260085
0.061671,0.263816,0.196976,0.261161
0.0616475,0.263773,0.196809,0.255934
0.061624,0.263731,0.196643,0.25568
0.0616006,0.263689,0.196681,0.25543
0.0615772,0.263647,0.195774,0.255177
0.0615538,0.263605,0.194954,0.254954
0.0614528,0.263563,0.193855,0.254786
0.0614319,0.263521,0.192745,0.254704
0.0614078,0.263479,0.191664,0.254726
0.0613841,0.263438,0.190615,0.254791
0.0613594,0.263396,0.189584,0.254862
0.0613359,0.263354,0.188567,0.254912
0.0613122,0.263312,0.187572,0.254932
0.0612889,0.263271,0.186607,0.254912
0.0612656,0.263229,0.185672,0.254867
0.0612423,0.263188,0.185659,0.254866
0.0612188,0.263146,0.185479,0.254835
0.0611955,0.263105,0.185315,0.260818
0.0611722,0.263063,0.184354,0.260904
0.061149,0.263022,0.183805,0.261239
0.0611259,0.26298,0.183635,0.262897
0.061103,0.262939,0.183469,0.264828
0.0610801,0.262897,0.183107,0.266495
0.0610574,0.262856,0.182135,0.267811
0.0610347,0.262815,0.181837,0.268829
0.0610121,0.262774,0.181689,0.269585
0.0609895,0.262733,0.181547,0.270162
0.0609669,0.262691,0.181407,0.270614
0.0609444,0.26265,0.18127,0.270986
0.0609218,0.262609,0.181133,0.271288
0.0608993,0.262568,0.180998,0.271538
0.0608767,0.262527,0.18086,0.271739
0.0607389,0.262486,0.181136,0.271888
0.0607113,0.262446,0.180987,0.271975
0.0606865,0.262405,0.18085,0.271995
0.0606624,0.262364,0.180709,0.271948
0.0606385,0.262324,0.180576,0.271174
0.0606134,0.262283,0.179485,0.270934
0.0605885,0.262243,0.178387,0.27064
0.0605637,0.262202,0.177512,0.270289
0.0605394,0.262162,0.177369,0.269884
0.0605159,0.262122,0.177228,0.269419
0.0604933,0.262082,0.177092,0.268893
0.0604712,0.262041,0.176697,0.268316
0.0601281,0.262001,0.176569,0.26769
0.0597897,0.261961,0.176435,0.267026
0.0594547,0.261921,0.176299,0.266332
0.0591229,0.261882,0.176162,0.265613
0.0587929,0.261842,0.176029,0.26487
0.0584624,0.261802,0.175895,0.264102
0.0581295,0.261763,0.175764,0.26331
0.0577929,0.261723,0.175634,0.262488
0.0575633,0.261684,0.175506,0.262567
0.0575442,0.261644,0.17538,0.262678
0.0575251,0.261605,0.175256,0.262719
0.0575058,0.261566,0.175132,0.262702
0.0574863,0.261527,0.175008,0.262656
0.0574666,0.261488,0.174884,0.262314
0.0574467,0.261449,0.17476,0.262082
0.0574266,0.26141,0.174635,0.261843
0.0574064,0.261371,0.174512,0.261593
0.057386,0.261345,0.174385,0.261348
0.0573652,0.2613,0.174258,0.261111
0.0573442,0.261256,0.174235,0.260874
0.0573233,0.261215,0.174148,0.260609
0.0573024,0.261176,0.17303,0.260283
0.0572814,0.261137,0.17194,0.259867
0.0572604,0.2611,0.170903,0.259341
0.0572392,0.261062,0.169899,0.258705
0.0572194,0.261024,0.169245,0.257971
0.0571974,0.260986,0.169096,0.257156
0.0571751,0.260948,0.168977,0.256281
0.0571528,0.26091,0.169539,0.25536
0.0571308,0.260873,0.168542,0.254407
0.057109,0.260835,0.167547,0.253431
0.0570872,0.260797,0.166611,0.252439
0.0570655,0.26076,0.165804,0.251435
0.0570438,0.260723,0.165695,0.250426
0.0570221,0.260686,0.165589,0.249418
0.0570004,0.260649,0.165636,0.248417
0.0569787,0.260613,0.165526,0.247477
0.056957,0.260576,0.164704,0.246679
0.0569352,0.26054,0.163947,0.245958
0.0569135,0.260504,0.163278,0.245292
0.0568918,0.260468,0.162677,0.244667
0.05687,0.260432,0.161875,0.24408
0.0568482,0.260396,0.161785,0.243518
0.0568264,0.26036,0.161673,0.242983
0.0568046,0.260324,0.161579,0.242475
0.0567827,0.260288,0.161486,0.242058
0.0567607,0.260252,0.161396,0.241711
0.0567386,0.260217,0.16131,0.24136
0.0567166,0.260181,0.161225,0.241057
0.0566945,0.260145,0.160759,0.240767
0.0566723,0.26011,0.16033,0.240008
0.0566501,0.260074,0.160254,0.239748
0.0566278,0.260039,0.160171,0.239494
0.0566054,0.260003,0.160086,0.23924
0.056583,0.259968,0.160001,0.23899
0.0565605,0.259932,0.159918,0.238741
0.056538,0.259897,0.159832,0.238492
0.0565155,0.259862,0.159399,0.238244
0.0564929,0.259827,0.159167,0.237969
0.0564703,0.259792,0.159076,0.237745
0.0564477,0.259756,0.158758,0.237488
0.056425,0.259721,0.158193,0.237227
0.0564023,0.259686,0.15756,0.236962
0.0563796,0.259651,0.157006,0.236687
0.0563568,0.259616,0.156374,0.236402
0.056334,0.25958,0.155536,0.236105
0.0563113,0.259545,0.154715,0.235796
0.0562885,0.25951,0.153915,0.235475
0.0562657,0.259475,0.152894,0.235143
0.0562429,0.25944,0.151843,0.2348
0.05622,0.259405,0.151534,0.234444
0.0561971,0.25937,0.151163,0.234091
0.0561743,0.259335,0.151056,0.233735
0.0561514,0.2593,0.150948,0.233379
0.0561285,0.259265,0.150842,0.233025
0.0561085,0.25923,0.150739,0.232678
0.0560857,0.259196,0.150639,0.23234
0.0560629,0.259161,0.150543,0.232029
0.0560399,0.259126,0.150451,0.231738
0.0560168,0.259092,0.150363,0.231596
0.0559938,0.259057,0.150278,0.231509
0.0559707,0.259023,0.150194,0.231427
0.0559476,0.25899,0.15011,0.231348
0.0559246,0.258951,0.150027,0.231272
0.0559016,0.258911,0.149943,0.231197
0.0558787,0.258877,0.149858,0.231123
0.0558558,0.258862,0.149773,0.231051
0.055833,0.258826,0.149686,0.230972
0.0558102,0.25879,0.149599,0.230898
0.0554316,0.258753,0.149511,0.23083
0.0550554,0.258716,0.149422,0.230756
0.0546885,0.258679,0.149333,0.230685
0.0543452,0.258643,0.149245,0.230615
0.0540275,0.258608,0.149157,0.230546
0.0537309,0.258572,0.14907,0.230478
0.0534556,0.258537,0.14867,0.23041
0.0532644,0.258502,0.148592,0.230344
0.0532471,0.258467,0.148144,0.230279
0.0532297,0.258432,0.148053,0.230214
0.0532123,0.258398,0.14796,0.230149
0.0531949,0.258363,0.14787,0.230085
0.0531775,0.258329,0.14778,0.230021
0.0531601,0.258295,0.147692,0.229957
0.0531426,0.258261,0.147607,0.229893
0.0531251,0.258227,0.147484,0.22983
0.0531077,0.258193,0.147402,0.229766
0.0530903,0.258159,0.147329,0.229703
0.0530729,0.258125,0.147252,0.230798
0.0530555,0.258091,0.147177,0.23191
0.0530381,0.258058,0.1471,0.233035
0.0530207,0.258024,0.147024,0.234164
0.0530033,0.257991,0.146946,0.23529
0.0529858,0.257958,0.146868,0.236406
0.0529684,0.257924,0.14679,0.237507
0.052951,0.257891,0.146711,0.238589
0.0529335,0.257858,0.146633,0.239646
0.0529161,0.257825,0.146553,0.240677
0.0528987,0.257791,0.146473,0.24168
0.0528813,0.257758,0.146395,0.242654
0.0528639,0.257725,0.146319,0.243596
0.0528465,0.257692,0.146241,0.24451
0.0528292,0.257659,0.146163,0.245388
0.0528119,0.257626,0.146086,0.246232
0.0527947,0.257592,0.146009,0.247042
0.0527774,0.257559,0.145933,0.247819
0.0527601,0.257526,0.145858,0.248563
0.052743,0.257493,0.145782,0.249278
0.0527258,0.25746,0.145707,0.24997
0.0527087,0.257427,0.145632,0.250643
0.0526916,0.257393,0.145557,0.251304
0.0526745,0.25736,0.145482,0.251958
0.0526574,0.257327,0.145407,0.252609
0.0526404,0.257294,0.145001,0.25326
0.0526234,0.257261,0.144919,0.253912
0.0526064,0.257228,0.144842,0.254571
0.0525894,0.257195,0.144767,0.25524
0.0525725,0.257163,0.14469,0.255922
0.0525557,0.257129,0.144613,0.256621
0.0525388,0.257095,0.144536,0.257339
0.0525219,0.257062,0.14446,0.258072
0.0525051,0.257028,0.144384,0.258822
0.0524882,0.256995,0.144309,0.259587
0.0524714,0.256961,0.144234,0.260362
0.0524546,0.256928,0.14416,0.261144
0.0524378,0.256895,0.144086,0.261924
0.052421,0.256862,0.144013,0.262694
0.0524043,0.25683,0.14394,0.263447
0.0523875,0.256797,0.143867,0.264178
0.0523708,0.256764,0.143795,0.264886
0.0523542,0.256731,0.143724,0.265568
0.0523375,0.256698,0.143652,0.266226
0.0523209,0.256665,0.143581,0.266857
0.0523043,0.256632,0.143509,0.26746
0.0522877,0.2566,0.143438,0.268036
0.0522715,0.256567,0.14303,0.268589
0.0522541,0.256535,0.142957,0.268713
0.0522361,0.256503,0.142885,0.268678
0.0522195,0.25647,0.142812,0.268642
0.0522037,0.256438,0.142737,0.268605
0.0521867,0.256406,0.142661,0.268568
0.0521695,0.256374,0.142585,0.268529
0.0521525,0.256342,0.14251,0.268489
0.0521354,0.25631,0.142436,0.268448
0.0521185,0.256278,0.142362,0.268406
0.0521016,0.256246,0.14229,0.268363
0.0520849,0.256214,0.142218,0.268321
0.0520682,0.256182,0.142148,0.268278
0.0520517,0.25615,0.141808,0.268236
0.0520352,0.256118,0.141743,0.268193
0.0520187,0.256086,0.141672,0.268152
0.0520022,0.256074,0.141602,0.268111
0.0519857,0.256051,0.14153,0.26807
0.0519693,0.256025,0.141457,0.268031
0.051953,0.255994,0.141483,0.267992
0.0519366,0.255962,0.141272,0.267953
0.0519203,0.255929,0.141186,0.267915
0.0519041,0.255896,0.141108,0.267878
0.0518878,0.255862,0.140251,0.267842
0.0518716,0.255827,0.139924,0.267806
0.0518556,0.255792,0.139846,0.267249
0.0518395,0.255757,0.13977,0.267237
0.0518234,0.255722,0.139445,0.267198
0.0518074,0.255687,0.139373,0.26774
0.0517913,0.255652,0.139298,0.268228
0.0517753,0.255617,0.139225,0.268719
0.0517594,0.255582,0.139151,0.26923
0.0517435,0.255547,0.139079,0.269761
0.0517277,0.255513,0.139008,0.270311
0.0517119,0.255479,0.138938,0.270863
0.0516963,0.255444,0.138869,0.271112
0.0516806,0.255411,0.138801,0.271081
0.051665,0.255377,0.138734,0.27105
0.0516493,0.255343,0.138788,0.271018
0.0516338,0.25531,0.138718,0.270984
0.0516182,0.255276,0.138633,0.27095
0.0516024,0.255243,0.138559,0.270916
0.0515867,0.25521,0.138485,0.270882
0.0515711,0.255177,0.1381,0.270848
0.0515556,0.255143,0.137077,0.270816
0.0515401,0.25511,0.136059,0.270786
0.0515246,0.255077,0.135102,0.270758
0.0515091,0.255044,0.134421,0.270731
0.0514936,0.255011,0.134089,0.270705
0.0514782,0.254978,0.13402,0.27068
0.0514629,0.254941,0.13395,0.270655
0.0514475,0.25491,0.133882,0.270632
0.0514322,0.254875,0.133814,0.270609
0.0514169,0.254842,0.133747,0.270185
0.0514017,0.254808,0.133681,0.270328
0.0513865,0.254772,0.133617,0.270702
0.0513714,0.254734,0.133555,0.270762
0.0513562,0.254696,0.133494,0.270578
0.0513411,0.254658,0.133434,0.270419
0.0513261,0.254619,0.133376,0.270292
0.0513112,0.25458,0.133319,0.270182
0.0512963,0.254541,0.133262,0.270085
0.0512814,0.254502,0.133205,0.269992
0.0512666,0.254463,0.133149,0.269902
0.0512517,0.254425,0.133094,0.269813
0.0512369,0.254386,0.132863,0.269724
0.0512223,0.254348,0.132809,0.269634
0.0512076,0.254309,0.132523,0.269544
0.051193,0.254271,0.132188,0.269448
0.0511784,0.254233,0.132128,0.269352
0.0511638,0.254195,0.132067,0.269256
0.0511493,0.254157,0.132005,0.269158
0.0511349,0.25412,0.131921,0.269058
0.0511204,0.254083,0.131859,0.268959
0.051106,0.254046,0.131796,0.268861
0.0510912,0.254009,0.131735,0.268764
0.0510767,0.25397,0.131126,0.268664
0.0510624,0.253931,0.131064,0.268566
0.0510479,0.253893,0.131005,0.268468
0.0510335,0.253855,0.130948,0.268372
0.051022,0.253819,0.130891,0.268277
0.0510086,0.253783,0.130836,0.268961
0.0509951,0.253748,0.130781,0.269586
0.0509809,0.253712,0.130727,0.270015
0.0509666,0.253677,0.130673,0.27038
0.0509521,0.253641,0.130619,0.270715
0.0509376,0.253606,0.130565,0.271013
0.050923,0.25357,0.130511,0.271323
0.0509084,0.253535,0.130457,0.271638
0.0508938,0.2535,0.130402,0.271965
0.0508792,0.253465,0.130348,0.279653
0.0508647,0.253431,0.130293,0.279849
0.0508503,0.253396,0.130238,0.280165
0.0508359,0.253362,0.130183,0.280447
0.0508217,0.253327,0.130128,0.280746
0.0508075,0.253293,0.130072,0.281049
0.0507933,0.253259,0.130017,0.281349
0.0507792,0.253226,0.129961,0.281635
0.0507652,0.253192,0.129906,0.281907
0.0507513,0.253159,0.12985,0.282157
0.0507373,0.253125,0.129795,0.282391
0.0507235,0.253092,0.12974,0.282612
0.0507096,0.253059,0.129684,0.282827
0.0506958,0.253027,0.129629,0.282471
0.0506821,0.252994,0.129574,0.28279
0.0506685,0.252962,0.12952,0.282933
0.0506549,0.25293,0.129466,0.2831
0.0506416,0.252898,0.129416,0.283284
0.0506283,0.252866,0.129364,0.283498
0.0506149,0.252834,0.129311,0.282921
0.0506016,0.252803,0.129258,0.283192
0.0505883,0.252772,0.129204,0.283452
0.050575,0.252741,0.129151,0.283673
0.0505618,0.25271,0.129097,0.283878
0.0505488,0.25268,0.128956,0.284076
0.0505356,0.25265,0.128899,0.284267
0.0505224,0.25262,0.128845,0.284455
0.0505092,0.25259,0.128789,0.284639
0.0504961,0.25256,0.128733,0.28482
0.0504831,0.25253,0.128676,0.284998
0.0504701,0.252501,0.128618,0.285175
0.0504572,0.252472,0.128561,0.28535
0.0504428,0.252443,0.128504,0.285522
0.0504299,0.252414,0.128448,0.285692
0.050417,0.252385,0.128392,0.285858
0.0504041,0.252357,0.128337,0.286021
0.0503909,0.252328,0.128282,0.286179
0.0503776,0.2523,0.128227,0.286334
0.0503641,0.252272,0.128172,0.286484
0.0503506,0.252244,0.128117,0.286631
0.050337,0.252216,0.128063,0.286774
0.0503235,0.252188,0.128009,0.286914
0.05031,0.25216,0.127733,0.287051
0.0502965,0.252133,0.12768,0.287186
0.0502827,0.252106,0.127574,0.287318
0.0502694,0.252078,0.127385,0.287449
0.0502518,0.252051,0.127321,0.287578
0.0502387,0.252024,0.12726,0.287704
0.0502301,0.251997,0.127195,0.28783
0.0502174,0.25197,0.12713,0.287954
0.0502003,0.253422,0.127064,0.288077
0.0501874,0.253374,0.126843,0.288201
0.0501789,0.253366,0.126779,0.288327
0.0501663,0.253216,0.126718,0.288457
0.0501492,0.252998,0.126659,0.288593
0.0501364,0.252801,0.126602,0.288733
0.0501278,0.252685,0.126547,0.288877
0.0501152,0.25258,0.126493,0.289026
0.0500982,0.252488,0.12644,0.289173
0.0500853,0.252449,0.126388,0.289311
0.0500767,0.252463,0.126249,0.289433
0.0500639,0.252485,0.126014,0.289536
0.0500465,0.252508,0.125954,0.289617
0.0500334,0.252568,0.125894,0.289676
0.0500246,0.252657,0.125839,0.289716
0.0500116,0.252731,0.125784,0.289625
0.0499943,0.252787,0.125725,0.289642
0.0499813,0.252858,0.125668,0.289588
0.0499726,0.252944,0.12561,0.289503
0.0499598,0.253005,0.125552,0.289408
0.0499427,0.253032,0.125494,0.289313
0.0499297,0.253056,0.125436,0.289233
0.0499212,0.252334,0.125378,0.28917
0.0499086,0.251531,0.125319,0.289124
0.0498916,0.251447,0.125261,0.289089
0.0498789,0.251365,0.125194,0.289066
0.0498707,0.251275,0.125139,0.289056
0.0498583,0.25114,0.12424,0.289058
0.0498416,0.250962,0.123394,0.289071
0.0498291,0.250785,0.12259,0.289088
0.0498211,0.25062,0.121815,0.289104
0.0498091,0.250431,0.121063,0.28911
0.0497926,0.250216,0.120329,0.289105
0.0497805,0.250022,0.119616,0.289086
0.0497728,0.24983,0.118922,0.289052
0.0497611,0.24964,0.118243,0.289006
0.0497451,0.249451,0.117743,0.288952
0.0497331,0.249263,0.11767,0.28889
0.0497255,0.249076,0.117618,0.288824
0.0497137,0.24889,0.117566,0.288765
0.0496973,0.24871,0.117515,0.288711
0.0496853,0.248537,0.117464,0.288669
0.0496776,0.248373,0.117413,0.288642
0.0496658,0.248218,0.117361,0.288635
0.0496494,0.248073,0.11731,0.288649
0.0496372,0.247179,0.117259,0.288682
0.0496294,0.24706,0.117209,0.288732
0.0496172,0.246958,0.117413,0.288795
0.0496004,0.246858,0.117363,0.288854
0.0495879,0.246763,0.117312,0.288906
0.0495797,0.246677,0.117261,0.288941
0.0495673,0.246601,0.116541,0.288956
0.04955,0.24653,0.116327,0.288956
0.0495368,0.246465,0.116275,0.288946
0.0495279,0.246412,0.116224,0.288929
0.0495147,0.246392,0.116173,0.288908
0.0494968,0.246376,0.116122,0.288886
0.0494832,0.246361,0.116072,0.288865
0.0494741,0.246347,0.116023,0.288846
0.0494602,0.246333,0.116026,0.288827
0.0494417,0.24632,0.115915,0.288811
0.0494275,0.246308,0.116155,0.288799
0.0494179,0.246295,0.116081,0.288794
0.0494041,0.246283,0.115312,0.28879
0.0493856,0.246271,0.114533,0.288789
0.0493716,0.246259,0.113801,0.288795
0.049362,0.246246,0.112982,0.288812
0.0493481,0.246234,0.112178,0.288834
0.0493297,0.246221,0.111518,0.288859
0.0493158,0.246207,0.110912,0.288884
0.0493066,0.246192,0.110185,0.288907
0.0492932,0.246176,0.109697,0.288935
0.0492753,0.246159,0.10953,0.288974
0.0492619,0.246141,0.109475,0.289028
0.0492531,0.246122,0.109425,0.289097
0.04924,0.246103,0.109378,0.289184
0.0492224,0.246083,0.109333,0.289271
0.0492093,0.246062,0.10929,0.289161
0.0492007,0.24604,0.109248,0.289052
0.0491878,0.246016,0.109205,0.288943
0.0491702,0.245992,0.109163,0.288836
0.0491569,0.245968,0.109121,0.288382
0.0491482,0.245943,0.109079,0.288274
0.0491353,0.245917,0.108921,0.288196
0.0491175,0.245891,0.109017,0.288114
0.0491044,0.245864,0.108972,0.288064
0.0490961,0.245837,0.108931,0.288047
0.0490832,0.245809,0.108332,0.288055
0.0490655,0.245781,0.107751,0.288088
0.0490524,0.245752,0.108147,0.288069
0.0490441,0.245723,0.107509,0.287964
0.0490312,0.245693,0.106828,0.287863
0.0490135,0.245662,0.106404,0.287764
0.0490004,0.245631,0.105815,0.287668
0.048992,0.2456,0.105271,0.287573
0.0489791,0.245568,0.104774,0.287479
0.0489613,0.245535,0.104532,0.287384
0.0489481,0.245502,0.104494,0.287292
0.0489396,0.245465,0.104458,0.287199
0.0489265,0.245429,0.104423,0.287108
0.0489087,0.245394,0.104388,0.287017
0.0488954,0.245357,0.104355,0.286926
0.0488869,0.24532,0.105051,0.286837
0.0488737,0.24528,0.104539,0.286748
0.0488558,0.24524,0.103993,0.28666
0.0488425,0.245198,0.103459,0.286572
0.048834,0.245156,0.102934,0.286485
0.0488209,0.245113,0.102416,0.286398
0.0488029,0.24507,0.101903,0.286313
0.0487895,0.245027,0.101393,0.286228
0.0487808,0.244983,0.101354,0.286143
0.0487675,0.24494,0.101316,0.286059
0.0487494,0.244896,0.101277,0.285975
0.0487359,0.244853,0.101239,0.285892
0.048727,0.244802,0.101202,0.285809
0.0487137,0.244759,0.101164,0.285727
0.0486955,0.244715,0.102122,0.285646
0.048682,0.244676,0.102451,0.285565
0.0486733,0.244635,0.101907,0.285484
0.04866,0.244592,0.101415,0.285404
0.0486418,0.244549,0.101092,0.285324
0.0486283,0.243772,0.100919,0.285245
0.0486196,0.243739,0.100208,0.285166
0.0486063,0.243692,0.100653,0.285088
0.0485881,0.243642,0.100112,0.28501
0.0485747,0.243589,0.0995787,0.284933
0.0485661,0.243539,0.0990599,0.284855
0.0485528,0.243493,0.0985581,0.284779
0.0485347,0.243448,0.098057,0.284702
0.0485216,0.243404,0.0975614,0.284626
0.0485132,0.24336,0.0970744,0.28455
0.0485002,0.243316,0.0965945,0.284475
0.0484823,0.243274,0.0961175,0.2844
0.0484691,0.243233,0.0958415,0.284325
0.0484606,0.243193,0.0953714,0.28425
0.0484475,0.243155,0.0949004,0.284176
0.0484295,0.243122,0.0945595,0.284102
0.0484162,0.243081,0.094073,0.284028
0.0484076,0.243038,0.0935934,0.283955
0.0483944,0.242994,0.0931368,0.283881
0.0483763,0.242985,0.0927095,0.283807
0.0483628,0.242949,0.0923118,0.283732
0.0483542,0.242918,0.0919437,0.283658
0.048341,0.242876,0.0916043,0.283585
0.0483231,0.242833,0.0912824,0.283511
0.0483098,0.242785,0.0922109,0.283438
0.0483015,0.242737,0.091708,0.283366
0.0482886,0.242688,0.0911064,0.283294
0.0482709,0.24264,0.0905428,0.283222
0.0482579,0.242591,0.0900482,0.283151
0.0482499,0.242543,0.089603,0.28308
0.0482373,0.242496,0.0892798,0.283011
0.0483941,0.242448,0.0892384,0.282941
0.0487208,0.242401,0.0893531,0.282871
0.0487018,0.242354,0.0893094,0.282802
0.0486873,0.242308,0.0892725,0.282732
0.0486635,0.242263,0.0892294,0.282663
0.0486457,0.242218,0.089184,0.282594
0.0486312,0.242173,0.0891371,0.282526
0.0486122,0.24213,0.0890899,0.282458
0.0485882,0.242087,0.0890433,0.282391
0.0485691,0.242046,0.0892187,0.281972
0.0485551,0.242005,0.088981,0.281893
0.0485369,0.241966,0.0900705,0.281832
0.0485145,0.241927,0.0899214,0.281887
0.0484972,0.24189,0.0898789,0.281818
0.0484852,0.241853,0.089823,0.28115
0.048469,0.241817,0.0892619,0.280507
0.0484483,0.241782,0.0886808,0.280433
0.0484326,0.241747,0.0882123,0.280363
0.0484218,0.241713,0.0878392,0.280291
0.0484067,0.24168,0.0875473,0.280216
0.0483867,0.241647,0.0875024,0.280138
0.0483715,0.241614,0.0874592,0.280059
0.0483611,0.241581,0.0874173,0.27998
0.048346,0.241549,0.0873767,0.279901
0.0483259,0.241517,0.087337,0.279825
0.0483104,0.241485,0.087298,0.279752
0.0482996,0.241453,0.0872596,0.27968
0.0482832,0.241421,0.0872214,0.27961
0.0482624,0.241389,0.0871833,0.279543
0.0482466,0.241357,0.0871452,0.279479
0.048162,0.240575,0.087107,0.278864
0.0481434,0.240544,0.0870687,0.278796
0.0481239,0.240514,0.0870302,0.278741
0.0481061,0.240078,0.0869917,0.278683
0.0480921,0.24004,0.087016,0.278625
0.0480732,0.240012,0.0869786,0.278564
0.0480497,0.239978,0.0869343,0.278503
0.0480304,0.239941,0.0868913,0.278442
0.0480155,0.2399,0.0868487,0.278381
0.0479968,0.239857,0.0868068,0.278321
0.0479744,0.239302,0.0867655,0.27826
0.0479567,0.239233,0.0867249,0.278199
0.0479435,0.239172,0.0868079,0.278137
0.0479268,0.239123,0.0867638,0.277869
0.0478921,0.239083,0.0867891,0.277793
0.0478754,0.239049,0.0867471,0.27773
0.0478609,0.239017,0.0867032,0.277054
0.0478445,0.238986,0.0866626,0.276978
0.0477543,0.238954,0.0866208,0.276901
0.0477425,0.238922,0.0865798,0.276827
0.0477293,0.238891,0.0865388,0.276864
0.0477119,0.238859,0.0865961,0.276912
0.0476894,0.238827,0.086552,0.276846
0.0476229,0.238796,0.0865089,0.276782
0.047609,0.238766,0.0864682,0.276721
0.047511,0.238736,0.0864288,0.275995
0.0474879,0.238707,0.0863902,0.275753
0.0474687,0.238678,0.086348,0.275682
0.0474534,0.238649,0.0863061,0.275863
0.0474345,0.238619,0.0867474,0.276112
0.0474118,0.23859,0.0871864,0.276463
0.0473935,0.238559,0.0866157,0.276942
0.0473797,0.238529,0.0860812,0.277513
0.0473635,0.237752,0.0856471,0.278159
0.0473434,0.237694,0.0852647,0.278877
0.0473279,0.236926,0.0848993,0.279664
0.0473168,0.236879,0.0845244,0.280507
0.0473019,0.236844,0.0841285,0.281385
0.047283,0.236813,0.0837066,0.282272
0.0472682,0.236057,0.0836493,0.283125
0.0472575,0.236026,0.0831034,0.283918
0.0472434,0.235998,0.0825302,0.284686
0.0472247,0.235968,0.0819481,0.285384
0.0472097,0.235935,0.0816816,0.286012
0.0471986,0.235902,0.0816383,0.286577
0.0471902,0.235867,0.0815956,0.287089
0.0471726,0.235833,0.0815534,0.287555
0.0471592,0.2358,0.0815118,0.287972
0.0471452,0.235768,0.0814707,0.288335
0.0471315,0.235736,0.0814302,0.288639
0.0471173,0.235704,0.0813897,0.28888
0.0471032,0.235673,0.0813494,0.289053
0.0470888,0.235641,0.0813103,0.289162
0.0470741,0.234936,0.081271,0.28922
0.0470593,0.234906,0.0812318,0.289249
0.0470443,0.234885,0.0811923,0.289278
0.0470291,0.236178,0.0811528,0.289316
0.0470138,0.235924,0.0811133,0.289367
0.0469985,0.235674,0.0810736,0.289434
0.0469831,0.23551,0.081034,0.289518
0.0469679,0.235431,0.0809943,0.289618
0.0469527,0.235459,0.0809546,0.289728
0.0469377,0.235554,0.0809149,0.289846
0.0469228,0.235708,0.0808754,0.28997
0.0469081,0.235912,0.0808359,0.290094
0.0468935,0.236157,0.0807966,0.290215
0.0468791,0.236437,0.0807574,0.290255
0.0468649,0.236739,0.0807185,0.290181
0.0468509,0.237054,0.0806797,0.290102
0.0468371,0.237368,0.0806412,0.290073
0.0468235,0.237677,0.0806029,0.290088
0.04681,0.237975,0.0805648,0.290142
0.0467968,0.238264,0.0805269,0.290233
0.0467836,0.238536,0.0804891,0.290354
0.0467706,0.23879,0.0804516,0.290492
0.0467576,0.239026,0.0804141,0.290662
0.0467448,0.239246,0.0803769,0.290834
0.046732,0.239451,0.0803397,0.291012
0.0467193,0.239642,0.0802294,0.291186
0.0467067,0.239818,0.080189,0.291356
0.0466941,0.239981,0.080148,0.291516
0.0466816,0.240128,0.0801081,0.291662
0.0466691,0.242173,0.0800687,0.291794
0.0466567,0.242384,0.0800301,0.291913
0.0466444,0.242463,0.0799919,0.292018
0.046632,0.242528,0.079954,0.29211
0.0466197,0.242611,0.0799165,0.292192
0.0465212,0.242703,0.0798792,0.292267
0.0465081,0.24281,0.0798423,0.292037
0.0464953,0.242936,0.0798058,0.292149
0.0464831,0.243082,0.0797695,0.292234
0.046471,0.24325,0.0797334,0.291675
0.046459,0.243434,0.0796976,0.29179
0.046447,0.243634,0.0796619,0.291909
0.0464351,0.243843,0.0796262,0.292036
0.0464233,0.244059,0.0794945,0.292174
0.0464114,0.244267,0.0794586,0.292324
0.0464806,0.244451,0.0794208,0.292482
0.0464685,0.244614,0.079384,0.292643
0.0464576,0.24476,0.0793472,0.292806
0.0464457,0.244888,0.0793102,0.292608
0.0464344,0.244998,0.0792736,0.292658
0.0464227,0.245093,0.079237,0.29268
0.0464115,0.245174,0.0792008,0.292719
0.0464002,0.245228,0.0790481,0.29277
0.0463894,0.245251,0.0788789,0.292243
0.0463785,0.24525,0.0788442,0.292271
0.0463679,0.245228,0.0788075,0.292286
0.0463573,0.24519,0.0787712,0.292297
0.0463468,0.24514,0.0787342,0.292308
0.0463364,0.245081,0.0786972,0.29232
0.046326,0.245016,0.0786605,0.291636
0.0463155,0.244949,0.0786241,0.291641
0.0463051,0.244884,0.0785883,0.291645
0.0462048,0.244826,0.0785532,0.291651
0.0461948,0.244777,0.0785187,0.291658
0.0462784,0.244739,0.0784849,0.291666
0.0462666,0.244713,0.0784517,0.291674
0.0462535,0.244698,0.0784189,0.291684
0.0462391,0.244694,0.0783863,0.29167
0.0462245,0.244698,0.0783537,0.291602
0.0462095,0.244712,0.0783211,0.291534
0.0461949,0.244038,0.0782884,0.291468
0.0461804,0.244085,0.0782556,0.291401
0.0461664,0.244036,0.0782228,0.291321
0.0461527,0.243981,0.0781897,0.291396
0.0461396,0.243918,0.0781565,0.291413
0.0461269,0.243856,0.0781231,0.291401
0.0461146,0.243796,0.0780899,0.29137
0.0461028,0.243739,0.0780569,0.29133
0.0460914,0.243685,0.078024,0.291239
0.0459733,0.243634,0.0779912,0.291148
0.0459595,0.243584,0.0779584,0.291065
0.0459474,0.243537,0.0779257,0.290992
0.0459363,0.243493,0.0778931,0.29093
0.0459256,0.243451,0.0778605,0.290877
0.0459145,0.243499,0.077828,0.290831
0.045903,0.243546,0.0777956,0.29079
0.0458914,0.243465,0.0777633,0.290752
0.0458796,0.243472,0.077731,0.290715
0.0458676,0.243511,0.0776989,0.290678
0.0458915,0.243511,0.0776668,0.290637
0.0458817,0.243476,0.0776348,0.290597
0.0458711,0.243451,0.0776029,0.290556
0.0458606,0.243423,0.077571,0.290512
0.0458498,0.243395,0.0775393,0.290467
0.0458389,0.243364,0.0775077,0.29042
0.045828,0.243331,0.0774761,0.290371
0.0458169,0.243297,0.0774446,0.290322
0.0458061,0.243261,0.0774133,0.290272
0.0457951,0.243222,0.0773819,0.29022
0.0457842,0.243183,0.0773507,0.290168
0.0457733,0.243142,0.0772156,0.290118
0.0457625,0.243101,0.0771821,0.290066
0.0457515,0.243059,0.0771494,0.290015
0.0457406,0.243017,0.077117,0.289964
0.0457296,0.242974,0.0770852,0.289914
0.0457187,0.242931,0.0770533,0.289862
0.0457076,0.242888,0.0770221,0.289811
0.0456966,0.242844,0.0769911,0.289758
0.0456855,0.242801,0.0769604,0.289706
0.0456744,0.242757,0.0769298,0.289653
0.0456632,0.242714,0.0768995,0.289599
0.045552,0.242671,0.0768693,0.289545
0.0455416,0.242628,0.0767299,0.28949
0.0455298,0.242584,0.0766992,0.289435
0.0455171,0.242541,0.0766673,0.28938
0.0455042,0.242498,0.0766363,0.289324
0.0454913,0.242454,0.0766058,0.289268
0.0454786,0.24241,0.076575,0.289212
0.0454663,0.242367,0.0765445,0.289155
0.0454542,0.242323,0.076514,0.289099
0.0454425,0.242279,0.0764838,0.289042
0.0454312,0.242234,0.0764538,0.288257
0.0454202,0.24219,0.0764239,0.287923
0.0454095,0.242146,0.0763943,0.287931
0.0453991,0.242101,0.0763649,0.287914
0.0453889,0.242114,0.0763357,0.287896
0.0453789,0.242092,0.0763327,0.287884
0.0453689,0.242047,0.0763034,0.287232
0.045359,0.241999,0.0759271,0.287215
0.0453492,0.241952,0.0758962,0.287171
0.0453393,0.241903,0.0758665,0.2871
0.0453294,0.241855,0.0758366,0.287034
0.0453195,0.241807,0.0758076,0.286969
0.0453095,0.241758,0.0757786,0.286905
0.0452994,0.241711,0.0757501,0.286843
0.0452893,0.241664,0.0757218,0.286781
0.0452791,0.241617,0.0756939,0.286719
0.0452689,0.241571,0.0756661,0.286657
0.0452587,0.241524,0.0756385,0.286596
0.0452484,0.241478,0.075611,0.286536
0.0452381,0.241431,0.0755835,0.286475
0.0452279,0.241386,0.0755561,0.286415
0.0452176,0.241341,0.0755287,0.286355
0.0452074,0.241296,0.0755012,0.286295
0.0451972,0.241252,0.0754738,0.286235
0.0451871,0.241208,0.0754463,0.286175
0.045177,0.241165,0.0754189,0.286116
0.0451669,0.241123,0.0753915,0.286057
0.0451569,0.241082,0.0752589,0.285999
0.045147,0.241041,0.0752328,0.285941
0.0451371,0.241001,0.0752047,0.285882
0.0451272,0.240961,0.0751768,0.285825
0.0451174,0.240921,0.0750411,0.285767
0.0451076,0.240883,0.0750117,0.28571
0.0450979,0.240844,0.0749796,0.285652
0.0450882,0.240807,0.0749484,0.285594
0.0450785,0.240772,0.0749181,0.285537
0.0450689,0.240734,0.0748882,0.28548
0.0450594,0.240699,0.0748591,0.285421
0.0450499,0.240662,0.0748307,0.285363
0.0450404,0.240627,0.074803,0.285305
0.0450309,0.240591,0.0747758,0.285248
0.0450215,0.240556,0.0747492,0.285189
0.0450122,0.240521,0.0747229,0.285131
0.0450028,0.240487,0.0746968,0.285073
0.0449935,0.240452,0.0746709,0.285014
0.0449842,0.240419,0.074645,0.284955
0.0449748,0.240385,0.0746191,0.284894
0.0449654,0.240352,0.074593,0.284834
0.0449561,0.240319,0.0745668,0.284725
0.0449469,0.240287,0.0745405,0.284661
0.0449377,0.240255,0.074514,0.284663
0.0449286,0.240223,0.0744874,0.284333
0.0449195,0.240185,0.0744607,0.283964
0.0449104,0.240151,0.0744339,0.283676
0.0449014,0.240119,0.0744071,0.283493
0.0448924,0.240088,0.0743803,0.283385
0.0448834,0.240058,0.0743536,0.283349
0.0448745,0.240029,0.074327,0.283287
0.0448656,0.240001,0.0743005,0.283219
0.0448568,0.239973,0.0742742,0.283152
0.044848,0.239945,0.0742481,0.283086
0.0448392,0.239919,0.0742221,0.283022
0.0448305,0.239892,0.0741963,0.282958
0.0448218,0.239866,0.0741706,0.282896
0.0448131,0.239841,0.0741451,0.282835
0.0448044,0.239816,0.0741197,0.282525
0.0447958,0.239791,0.0740944,0.282457
0.0447872,0.239767,0.0740693,0.282391
0.0447787,0.239744,0.0740442,0.282423
0.0447701,0.239721,0.0740193,0.28249
0.0447617,0.239698,0.0739944,0.282601
0.0447532,0.239676,0.0739696,0.282751
0.0447448,0.239655,0.0739449,0.282883
0.0447364,0.239634,0.0739204,0.282829
0.0447281,0.239613,0.0738959,0.282775
0.0447198,0.239593,0.0738714,0.282721
0.0447115,0.239573,0.0738471,0.282667
0.0447033,0.239553,0.0738229,0.282614
0.0446951,0.239534,0.0737989,0.28256
0.0446869,0.239515,0.0737749,0.282506
0.0446788,0.239496,0.0737511,0.282452
0.0446707,0.239478,0.0737273,0.282398
0.0446626,0.239459,0.0737037,0.282343
0.0446545,0.239442,0.0736802,0.282288
0.0446465,0.239424,0.0736568,0.281919
0.0446385,0.239406,0.0736336,0.281858
0.0446305,0.239389,0.0736104,0.281807
0.0446226,0.239372,0.0735873,0.281752
0.0446147,0.239355,0.0735643,0.281696
0.0446068,0.239338,0.0735414,0.281636
0.044599,0.239322,0.0735187,0.281574
0.0445911,0.239305,0.0734959,0.281509
0.0445833,0.239289,0.0734733,0.281442
0.0445756,0.239273,0.0734508,0.281216
0.0445678,0.239257,0.0734283,0.28114
0.0445601,0.239241,0.0734059,0.281071
0.0445525,0.239226,0.0733836,0.280517
0.0445448,0.239211,0.0733614,0.280091
0.0445372,0.239196,0.0733392,0.280132
0.0445296,0.23918,0.0733172,0.280191
0.0445221,0.239165,0.0732952,0.28027
0.0445146,0.239151,0.0732733,0.280348
0.0445071,0.239136,0.0732515,0.280415
0.0444996,0.239122,0.0732297,0.28042
0.0444922,0.239107,0.0732081,0.280337
0.0444848,0.239093,0.0731865,0.280254
0.0444774,0.239079,0.073165,0.280171
0.04447,0.239065,0.0731436,0.28009
0.0444627,0.239052,0.0731222,0.28001
0.0444554,0.239038,0.073101,0.279931
0.0444481,0.239024,0.0730798,0.279159
0.0444409,0.239011,0.0730587,0.279085
0.0444336,0.238998,0.0730376,0.279012
0.0444264,0.238985,0.0730167,0.278939
0.0444193,0.238971,0.0729958,0.278868
0.0444121,0.238958,0.072975,0.278798
0.044405,0.238945,0.0729543,0.278728
0.0443979,0.238933,0.0729336,0.27866
0.0443908,0.23892,0.072913,0.278591
0.0443838,0.238907,0.0728925,0.278522
0.0443767,0.238895,0.0728721,0.278453
0.0443697,0.238882,0.0728517,0.278384
0.0443628,0.23887,0.0728314,0.278316
0.0443558,0.238858,0.0728112,0.27807
0.0443489,0.238844,0.0727911,0.277998
0.044342,0.238831,0.072771,0.278089
0.0443351,0.238818,0.072751,0.278153
0.0443283,0.238806,0.0727311,0.278212
0.0443214,0.238794,0.0727113,0.278267
0.0443146,0.238782,0.0726915,0.278309
0.0443079,0.23877,0.0726718,0.278299
0.0443011,0.238758,0.0726522,0.278224
0.0442944,0.238747,0.0726326,0.277973
0.0442877,0.238735,0.0726132,0.277902
0.044281,0.238723,0.0725938,0.277816
0.0442744,0.238712,0.0725744,0.277796
0.0442678,0.2387,0.0725551,0.277729
0.0442611,0.238689,0.0725359,0.277656
0.0442546,0.238677,0.0725168,0.277581
0.044248,0.237944,0.0724977,0.276922
0.0442415,0.237936,0.0724787,0.276832
0.0442349,0.237918,0.0724598,0.276112
0.0442284,0.2379,0.0724409,0.275935
0.0442219,0.237876,0.0724221,0.275861
0.0442155,0.237851,0.0724034,0.275705
0.044209,0.237824,0.0723848,0.275522
0.0442026,0.237797,0.0723663,0.275357
0.0441962,0.237772,0.0723479,0.275224
0.0441897,0.237753,0.0723295,0.275121
0.0441834,0.237731,0.0723112,0.275036
0.0441769,0.237711,0.072293,0.274951
0.0441703,0.237697,0.0722748,0.27476
0.0441641,0.237681,0.0722567,0.274681
0.0441576,0.237666,0.0722387,0.274399
0.0441509,0.237651,0.0722207,0.274054
0.0441447,0.237635,0.0722029,0.273743
0.0441383,0.23762,0.0721851,0.273505
0.0441318,0.237605,0.0721673,0.273413
0.0441256,0.23759,0.0721497,0.273325
0.0441194,0.237574,0.0721321,0.273235
0.044113,0.237559,0.0721146,0.273145
0.044107,0.237544,0.0720971,0.272617
0.0441009,0.237528,0.0720798,0.272522
0.0440947,0.237513,0.0720625,0.272182
0.0440889,0.237498,0.0720453,0.272089
0.0440828,0.237484,0.0720281,0.271998
0.0440768,0.237469,0.072011,0.271902
0.0440708,0.237455,0.071994,0.271802
0.0440649,0.237441,0.0719771,0.271701
0.044059,0.237427,0.0719603,0.271417
0.0440531,0.237414,0.0719435,0.271246
0.0440472,0.237401,0.0719268,0.271141
0.0440413,0.237388,0.0719101,0.271045
0.0440354,0.237376,0.0718935,0.270949
0.0440296,0.237364,0.0718771,0.270858
0.0440237,0.237352,0.0718606,0.270769
0.0440179,0.237341,0.0718443,0.27068
0.0440118,0.236927,0.071828,0.270591
0.0440059,0.236908,0.0718118,0.270503
0.0440001,0.236893,0.0717957,0.270416
0.0439944,0.236883,0.0717796,0.26988
0.0439886,0.236872,0.0717636,0.270136
0.0439829,0.236863,0.0717477,0.270037
0.0439772,0.236853,0.0717319,0.269952
0.0439714,0.236842,0.0717162,0.269854
0.0439657,0.236832,0.0717005,0.269752
0.0439601,0.236821,0.0716849,0.269648
0.0439544,0.237035,0.0716693,0.269542
0.0439488,0.237247,0.0716538,0.269436
0.0439432,0.237311,0.0716384,0.26933
0.0439375,0.237298,0.0716231,0.269225
0.0439319,0.237288,0.0716079,0.26912
0.0439263,0.237277,0.0715927,0.269016
0.0439207,0.237267,0.0715775,0.268912
0.0439151,0.237257,0.0715625,0.268808
0.0439096,0.237246,0.0715475,0.268705
0.0439041,0.237236,0.0715326,0.268603
0.0438986,0.237224,0.0715178,0.2685
0.043893,0.237213,0.071503,0.268399
0.0438875,0.2372,0.0714883,0.268298
0.0438821,0.237187,0.0714736,0.268559
0.0438766,0.237174,0.071459,0.268452
0.0438711,0.23716,0.0714445,0.267483
0.0438656,0.237146,0.0714301,0.266868
0.0438602,0.237132,0.0714157,0.266336
0.0438548,0.237118,0.0714014,0.265724
0.0438494,0.237104,0.0713871,0.265267
0.0438439,0.237087,0.0713729,0.264861
0.0438385,0.237072,0.0713588,0.26453
0.0438331,0.237058,0.0713447,0.264268
0.0438277,0.237045,0.0713307,0.264058
0.0438224,0.237033,0.0713168,0.263897
0.043817,0.23702,0.0713029,0.263754
0.0438116,0.237005,0.0712891,0.263545
0.0438063,0.23699,0.0712753,0.263395
0.0438009,0.236975,0.0712616,0.26291
0.0437955,0.236959,0.071248,0.26275
0.0437902,0.236942,0.0712344,0.262629
0.043785,0.236926,0.0712208,0.262911
0.0437796,0.236909,0.0712073,0.262898
0.0437743,0.236892,0.0711939,0.263294
0.043769,0.236874,0.0711805,0.263044
0.0437636,0.236857,0.0711672,0.263705
0.0437583,0.236841,0.071154,0.26298
0.043753,0.236825,0.0711407,0.262731
0.0437477,0.236809,0.0711276,0.262018
0.0437425,0.236793,0.0711145,0.26186
0.0437371,0.236778,0.0711014,0.261191
0.0437319,0.236764,0.0710884,0.26114
0.0437265,0.236749,0.0710754,0.260669
0.0437213,0.236734,0.0710625,0.260106
0.043716,0.23672,0.0710497,0.260001
0.0437108,0.236883,0.0710369,0.259381
0.0437056,0.236843,0.0710241,0.258861
0.0437003,0.236813,0.0710114,0.258743
0.0436951,0.236889,0.0709988,0.258623
0.0436898,0.23693,0.0709862,0.258405
0.0436846,0.23697,0.0709736,0.257889
0.0436794,0.237034,0.0709612,0.25726
0.0436742,0.23714,0.0709487,0.256756
0.043669,0.237279,0.0709364,0.256635
0.0436638,0.237443,0.0709241,0.256716
0.0436586,0.237564,0.0709118,0.256077
0.0436534,0.238783,0.0708996,0.255577
0.0436482,0.238719,0.0708875,0.254884
0.043643,0.238816,0.0708754,0.254757
0.0436378,0.238705,0.0708635,0.254695
0.0436326,0.23855,0.0708515,0.254693
0.0436275,0.238409,0.0708396,0.254728
0.0436223,0.238375,0.0708278,0.25479
0.0436171,0.238438,0.0708161,0.254874
0.0436119,0.238556,0.0708044,0.25498
0.0436068,0.238568,0.0707928,0.254659
0.0436016,0.238556,0.0707813,0.254802
0.0435964,0.238545,0.0707698,0.254464
0.0435913,0.238533,0.0707583,0.254624
0.0435861,0.238523,0.0707469,0.254416
0.043581,0.238512,0.0707356,0.25434
0.0435758,0.238502,0.0707243,0.254416
0.0435707,0.23849,0.0707131,0.254481
0.0435655,0.238479,0.070702,0.254557
0.0435604,0.238467,0.0706909,0.254159
0.0435553,0.238457,0.0706799,0.254252
0.0435501,0.238447,0.0706689,0.254345
0.043545,0.238438,0.070658,0.25444
0.0435399,0.238429,0.0706471,0.254537
0.0435348,0.238422,0.0706362,0.255295
0.0435296,0.238415,0.0706255,0.256842
0.0435245,0.238409,0.0706147,0.256016
0.0435194,0.238404,0.070604,0.255475
0.0435143,0.2384,0.0705934,0.255525
0.0435092,0.238396,0.0705828,0.255136
0.0435041,0.238393,0.0705722,0.25477
0.043499,0.23839,0.0705617,0.254467
0.0434939,0.238384,0.0705513,0.253849
0.0434889,0.238377,0.0705408,0.2539
0.0434838,0.238375,0.0705304,0.253665
0.0434787,0.238372,0.0705201,0.253433
0.0434737,0.238372,0.0705098,0.253274
0.0434686,0.238373,0.0704995,0.253126
0.0434636,0.238375,0.0704893,0.252467
0.0434586,0.238552,0.0704791,0.251905
0.0434593,0.238736,0.0704689,0.251885
0.0434564,0.238923,0.0701844,0.251951
0.043454,0.239108,0.0699153,0.252082
0.0434504,0.239291,0.0696586,0.252247
0.0434467,0.239468,0.0694107,0.252441
0.0434429,0.239643,0.0691671,0.254317
0.043439,0.239674,0.0689246,0.254374
0.0434348,0.239675,0.0686795,0.254293
0.0434305,0.239672,0.068431,0.253771
0.0434259,0.23967,0.0681198,0.253695
0.0434211,0.239671,0.0678642,0.253648
0.0434161,0.239671,0.0676168,0.253635
0.0434109,0.239669,0.0673769,0.253653
0.0434056,0.239668,0.0673568,0.253714
0.0434002,0.239672,0.0673461,0.253778
0.0433947,0.239674,0.0673364,0.253722
0.0433891,0.239674,0.0673275,0.253855
0.0433835,0.239675,0.0673191,0.253964
0.0433779,0.239674,0.067311,0.254097
0.0433723,0.239678,0.067303,0.25425
0.0433667,0.239679,0.067295,0.254422
0.0433612,0.239679,0.0672869,0.25446
0.0433558,0.239679,0.0672786,0.254525
0.0433504,0.239679,0.0672701,0.254684
0.0433451,0.239683,0.0672614,0.254835
0.0433399,0.239687,0.0672519,0.255006
0.0433347,0.239693,0.0672425,0.2552
0.0433296,0.23986,0.0672329,0.25587
0.0433245,0.239985,0.0672233,0.255811
0.0433195,0.239983,0.0672137,0.255743
0.0433145,0.239987,0.0672041,0.25702
0.0433095,0.23999,0.0671947,0.256844
0.0433045,0.239991,0.0671854,0.256618
0.0432996,0.239993,0.0671763,0.256947
0.0432946,0.239993,0.0671673,0.256353
0.0432897,0.239993,0.0671584,0.257028
0.0432847,0.239999,0.0671496,0.256203
0.0432798,0.240002,0.067141,0.255353
0.0432748,0.240002,0.0671324,0.255045
0.0432699,0.240001,0.0671236,0.254832
0.0432649,0.239999,0.067115,0.254733
0.04326,0.239998,0.0671065,0.254718
0.0432551,0.240001,0.0670978,0.25478
0.0432503,0.240002,0.0670892,0.254904
0.0432454,0.240001,0.0670805,0.255071
0.0432406,0.239999,0.0670719,0.255645
0.0432359,0.239996,0.0670632,0.255818
0.0432312,0.239998,0.0670546,0.255708
0.0432265,0.239997,0.0670459,0.256133
0.0432219,0.239992,0.0670371,0.256199
0.0432174,0.239987,0.0670286,0.25623
0.0432129,0.239985,0.0670196,0.256293
0.0432085,0.23998,0.0670106,0.255886
0.0432041,0.239978,0.0670017,0.255472
0.0431997,0.239976,0.0669929,0.255605
0.0431954,0.240112,0.0669841,0.25666
0.0431912,0.240244,0.0669754,0.256735
0.043187,0.240369,0.0669668,0.256278
0.0431828,0.240494,0.0669583,0.255784
0.0431787,0.24062,0.0669498,0.256736
